[
    {
        "_id":{"$oid":"65fa01f35b4102100d0fce14"},
        "cote":3,
        "commentaire":"La serveuse avait l'air bete...",
        "client_id":{"$oid":"65fa01b45b4102100d0fce1c"}
    },
    {   "_id":{"$oid":"65fa02055b4102100d0fce16"},
        "cote":5,
        "commentaire":"Excellent service, très attentionné !",
        "client_id":{"$oid":"65fa01b35b4102100d0fce1a"}
    },
    {
        "_id":{"$oid":"65fa020f5b4102100d0fce18"},
        "cote":2,
        "commentaire":"Service lent et désorganisé.",
        "client_id":{"$oid":"65fa01b25b4102100d0fce18"}
    },
    {   "_id":{"$oid":"65fa02195b4102100d0fce1a"},
        "cote":4,
        "commentaire":"Serveur sympathique et efficace.",
        "client_id":{"$oid":"65fa01b15b4102100d0fce16"}
    },
    {
        "_id":{"$oid":"65fa02255b4102100d0fce1c"},
        "cote":1,
        "commentaire":"Attente interminable, service médiocre.",
        "client_id":{"$oid":"65fa01b05b4102100d0fce14"}
    }
]