[
    {
        "_id":{"$oid":"65f9f8745b4102100d0fce02"},
        "timestamp_debut": {"$date":"2024-03-19T10:30:00.000Z"},
        "timestamp_fin": {"$date":"2024-03-19T11:30:00.000Z"}
    },
    {   
        "_id":{"$oid":"65f9f8925b4102100d0fce04"},
        "timestamp_debut": {"$date":"2024-03-19T12:00:00.000Z"},
        "timestamp_fin": {"$date":"2024-03-19T13:30:00.000Z"}
    },
    {
        "_id":{"$oid":"65f9f89f5b4102100d0fce06"},
        "timestamp_debut": {"$date":"2024-03-19T14:00:00.000Z"},
        "timestamp_fin": {"$date":"2024-03-19T15:30:00.000Z"}
    },
    {
        "_id":{"$oid":"65f9f8a95b4102100d0fce08"},
        "timestamp_debut": {"$date":"2024-03-19T17:00:00.000Z"},
        "timestamp_fin": {"$date":"2024-03-19T18:30:00.000Z"}
    },
    {
        "_id":{"$oid":"65f9f8a95b4102100d0fce09"},
        "timestamp_debut": {"$date":"2024-03-19T18:31:00.000Z"},
        "timestamp_fin": {"$date":"2024-03-19T20:01:00.000Z"}
    },
    {
        "_id":{"$oid":"65f9f8a95b4102100d0fce0a"},
        "timestamp_debut": {"$date":"2024-03-19T20:02:00.000Z"},
        "timestamp_fin": {"$date":"2024-03-19T21:32:00.000Z"}
    },
    {
        "_id":{"$oid":"65f9f8a95b4102100d0fce0b"},
        "timestamp_debut": {"$date":"2024-03-19T21:33:00.000Z"},
        "timestamp_fin": {"$date":"2024-03-19T23:03:00.000Z"}
    },
    {
        "_id":{"$oid":"65f9f8a95b4102100d0fce0c"},
        "timestamp_debut": {"$date":"2024-03-19T23:04:00.000Z"},
        "timestamp_fin": {"$date":"2024-03-20T00:34:00.000Z"}
    },
    {
        "_id":{"$oid":"65f9f8a95b4102100d0fce0d"},
        "timestamp_debut": {"$date":"2024-03-20T00:35:00.000Z"},
        "timestamp_fin": {"$date":"2024-03-20T02:05:00.000Z"}
    },
    {
        "_id":{"$oid":"65f9f8a95b4102100d0fce0e"},
        "timestamp_debut": {"$date":"2024-03-20T02:06:00.000Z"},
        "timestamp_fin": {"$date":"2024-03-20T03:36:00.000Z"}
    },
    {
        "_id":{"$oid":"65f9f8a95b4102100d0fce0f"},
	"timestamp_debut": {"$date":"2024-03-20T03:37:00.000Z"},
    	"timestamp_fin": {"$date":"2024-03-20T05:07:00.000Z"}
    },
    {
        "_id":{"$oid":"65f9f8a95b4102100d0fce10"},
        "timestamp_debut": {"$date":"2024-03-20T05:08:00.000Z"},
        "timestamp_fin": {"$date":"2024-03-20T06:38:00.000Z"}
    },
    {
        "_id":{"$oid":"65f9f8a95b4102100d0fce11"},
        "timestamp_debut": {"$date":"2024-03-20T06:39:00.000Z"},
        "timestamp_fin": {"$date":"2024-03-20T08:09:00.000Z"}
    },
    {
        "_id":{"$oid":"65f9f8a95b4102100d0fce12"},
        "timestamp_debut": {"$date":"2024-03-20T08:10:00.000Z"},
        "timestamp_fin": {"$date":"2024-03-20T09:40:00.000Z"}
    },
    {
        "_id":{"$oid":"65f9f8a95b4102100d0fce13"},
        "timestamp_debut": {"$date":"2024-03-20T09:41:00.000Z"},
        "timestamp_fin": {"$date":"2024-03-20T11:11:00.000Z"}
    },
    {
        "_id":{"$oid":"65f9f8a95b4102100d0fce14"},
        "timestamp_debut": {"$date":"2024-03-20T11:12:00.000Z"},
        "timestamp_fin": {"$date":"2024-03-20T12:42:00.000Z"}
    },
    {
        "_id":{"$oid":"65f9f8a95b4102100d0fce15"},
        "timestamp_debut": {"$date":"2024-03-20T12:43:00.000Z"},
        "timestamp_fin": {"$date":"2024-03-20T14:13:00.000Z"}
    },
    {
        "_id":{"$oid":"65f9f8a95b4102100d0fce16"},
        "timestamp_debut": {"$date":"2024-03-20T14:14:00.000Z"},
        "timestamp_fin": {"$date":"2024-03-20T15:44:00.000Z"}
    },
    {
        "_id":{"$oid":"65f9f8a95b4102100d0fce17"},
        "timestamp_debut": {"$date":"2024-03-20T15:45:00.000Z"},
        "timestamp_fin": {"$date":"2024-03-20T17:15:00.000Z"}
    },
    {
        "_id":{"$oid":"65f9f8a95b4102100d0fce18"},
        "timestamp_debut": {"$date":"2024-03-20T17:16:00.000Z"},
        "timestamp_fin": {"$date":"2024-03-20T18:46:00.000Z"}
    },
    {
        "_id":{"$oid":"65f9f8a95b4102100d0fce19"},
        "timestamp_debut": {"$date":"2024-03-20T18:47:00.000Z"},
        "timestamp_fin": {"$date":"2024-03-20T20:17:00.000Z"}
    },
    {
        "_id":{"$oid":"65f9f8a95b4102100d0fce1a"},
        "timestamp_debut": {"$date":"2024-03-20T20:18:00.000Z"},
        "timestamp_fin": {"$date":"2024-03-20T21:48:00.000Z"}
    },
    {
        "_id":{"$oid":"65f9f8a95b4102100d0fce1b"},
        "timestamp_debut": {"$date":"2024-03-20T21:49:00.000Z"},
        "timestamp_fin": {"$date":"2024-03-20T23:19:00.000Z"}
    }
]