[
    {
        "_id":{"$oid":"65f9dbc05b4102100d0fcdbe"},
        "prenom_serveur":"Lucas",
        "password":""
    },
    {
        "_id":{"$oid":"65f9dc1c5b4102100d0fcdc0"},
        "prenom_serveur":"Sophie",
        "password":"serveur123"
    },
    {
        "_id":{"$oid":"65f9dc275b4102100d0fcdc2"},
        "prenom_serveur":"Marco",
        "password":"pizza456"
    },
    {
        "_id":{"$oid":"65f9dc325b4102100d0fcdc4"},
        "prenom_serveur":"Anna",
        "password":"spaghetti789"
    },
    {
        "_id":{"$oid":"65f9dc455b4102100d0fcdc6"},
        "prenom_serveur":"Giovanni",
        "password":"cappuccino101"
    },
    {
        "_id":{"$oid":"65f9dc505b4102100d0fcdc8"},
        "prenom_serveur":"Elena",
        "password":"risotto202"
    },
    {
        "_id":{"$oid":"65f9dc5a5b4102100d0fcdca"},
        "prenom_serveur":"Antonio",
        "password":"antipasti303"
    },
    {
        "_id":{"$oid":"65f9dd1d5b4102100d0fcdcc"},
        "prenom_serveur":"Luigi",
        "password":"gelato505"
    },
    {
        "_id":{"$oid":"65f9dd265b4102100d0fcdce"},
        "prenom_serveur":"Maria",
        "password":"margarita606"
    },
    {
        "_id":{"$oid":"65f9dd355b4102100d0fcdd0"},
        "prenom_serveur":"Pietro",
        "password":"pasta707"
    }
]